seqid,site_start_1based,slippery_motif,type,spacer_nt,fold_window_start,fold_window_end,fold_window_seq,rnafold_structure,rnafold_mfe,rnafold_type,probknot_structure,probknot_type,pknots_structure,pknots_type,frame_context,codon1,codon2,trna1_abundance,trna2_abundance,pausing_potential,wobble_pairs,trna_score
NC_007368.1,154,CCCAAAC,-1,5,166,285,AGUGAUGCUGUGUGAACCAACAAUAAUAGAAAGAAACAUAACAGAGAUAGUGUAUCUGACCAACACCACCAUAGAGAAGGAAAUGUGCCCCAAACUAGCAGAAUACAGAAAUUGGUCAAA,...((((((((((......................)))))...........)))))(((((((.....((........))...(.(((.........))).).........)))))))..,-12.1,stem_loop,,unknown,,unknown,NA,CCC,AAA,NA,NA,NA,none,NA
NC_007368.1,154,CCCAAAC,-1,6,167,286,GUGAUGCUGUGUGAACCAACAAUAAUAGAAAGAAACAUAACAGAGAUAGUGUAUCUGACCAACACCACCAUAGAGAAGGAAAUGUGCCCCAAACUAGCAGAAUACAGAAAUUGGUCAAAG,..((((((((((......................)))))...........)))))(((((((.....((........))...(.(((.........))).).........)))))))...,-12.1,stem_loop,,unknown,,unknown,NA,CCC,AAA,NA,NA,NA,none,NA
NC_007368.1,154,CCCAAAC,-1,7,168,287,UGAUGCUGUGUGAACCAACAAUAAUAGAAAGAAACAUAACAGAGAUAGUGUAUCUGACCAACACCACCAUAGAGAAGGAAAUGUGCCCCAAACUAGCAGAAUACAGAAAUUGGUCAAAGC,.((((((((((......................)))))...........)))))(((((((.....((........))...(.(((.........))).).........)))))))....,-12.1,stem_loop,,unknown,,unknown,NA,CCC,AAA,NA,NA,NA,none,NA
NC_007368.1,154,CCCAAAC,-1,8,169,288,GAUGCUGUGUGAACCAACAAUAAUAGAAAGAAACAUAACAGAGAUAGUGUAUCUGACCAACACCACCAUAGAGAAGGAAAUGUGCCCCAAACUAGCAGAAUACAGAAAUUGGUCAAAGCC,...(((.(((......))).........(((.((((..........)))).)))((((((.....((........))...(.(((.........))).).........))))))..))).,-12.2,stem_loop,,unknown,,unknown,NA,CCC,AAA,NA,NA,NA,none,NA
NC_007368.1,154,CCCAAAC,-1,9,170,289,AUGCUGUGUGAACCAACAAUAAUAGAAAGAAACAUAACAGAGAUAGUGUAUCUGACCAACACCACCAUAGAGAAGGAAAUGUGCCCCAAACUAGCAGAAUACAGAAAUUGGUCAAAGCCG,..(((.(((......))).........(((.((((..........)))).)))((((((.....((........))...(.(((.........))).).........))))))..)))..,-12.2,stem_loop,,unknown,,unknown,NA,CCC,AAA,NA,NA,NA,none,NA
NC_007368.1,254,CCCAAAC,-1,5,266,385,GAAUACAGAAAUUGGUCAAAGCCGCAAUGUGACAUUACAGGAUUUGCACCUUUUUCUAAGGACAAUUCGAUUAGGCUUUCCGCUGGUGGGGACAUCUGGGUGACAAGAGAACCUUAUGUG,......(((((..(((((((.((..((((...))))...)).)))).)))..))))).........((.(((((........))))).)).((((..((((.........)))).)))).,-24.0,stem_loop,,unknown,,unknown,NA,CCC,AAA,NA,NA,NA,none,NA
NC_007368.1,254,CCCAAAC,-1,6,267,386,AAUACAGAAAUUGGUCAAAGCCGCAAUGUGACAUUACAGGAUUUGCACCUUUUUCUAAGGACAAUUCGAUUAGGCUUUCCGCUGGUGGGGACAUCUGGGUGACAAGAGAACCUUAUGUGU,.....(((((..(((((((.((..((((...))))...)).)))).)))..))))).........((.(((((........))))).)).((((..((((.........)))).))))..,-24.0,stem_loop,,unknown,,unknown,NA,CCC,AAA,NA,NA,NA,none,NA
NC_007368.1,254,CCCAAAC,-1,7,268,387,AUACAGAAAUUGGUCAAAGCCGCAAUGUGACAUUACAGGAUUUGCACCUUUUUCUAAGGACAAUUCGAUUAGGCUUUCCGCUGGUGGGGACAUCUGGGUGACAAGAGAACCUUAUGUGUC,....(((((..(((((((.((..((((...))))...)).)))).)))..))))).........((.(((((........))))).))(((((..((((.........))))...))))),-25.3,stem_loop,,unknown,,unknown,NA,CCC,AAA,NA,NA,NA,none,NA
NC_007368.1,254,CCCAAAC,-1,8,269,388,UACAGAAAUUGGUCAAAGCCGCAAUGUGACAUUACAGGAUUUGCACCUUUUUCUAAGGACAAUUCGAUUAGGCUUUCCGCUGGUGGGGACAUCUGGGUGACAAGAGAACCUUAUGUGUCA,...(((((..(((((((.((..((((...))))...)).)))).)))..))))).........((.(((((........))))).))(((((..((((.........))))...))))).,-26.7,stem_loop,,unknown,,unknown,NA,CCC,AAA,NA,NA,NA,none,NA
NC_007368.1,254,CCCAAAC,-1,9,270,389,ACAGAAAUUGGUCAAAGCCGCAAUGUGACAUUACAGGAUUUGCACCUUUUUCUAAGGACAAUUCGAUUAGGCUUUCCGCUGGUGGGGACAUCUGGGUGACAAGAGAACCUUAUGUGUCAU,..(((((..(((((((.((..((((...))))...)).)))).)))..))))).........((.(((((........))))).))(((((..((((.........))))...)))))..,-26.7,stem_loop,.....................(((((.)))))................................................................[[[[[.............]]]]].,pseudoknot,.....................(((((.)))))................................................................[[[[[.............]]]]].,pseudoknot,NA,CCC,AAA,NA,NA,NA,none,NA
NC_007368.1,797,GGGAAAA,-1,5,809,928,CAUACUAGCACAUUGUCAGGAAGUGCUCAGCAUGUCGAGGAGUGCUCCUGCUAUCCUCGAUAUCCUGGUGUCAGAUGUGUCUGCAGAGACAACUGGAAAGGCUCCAAUAGGCCCAUCGUA,......(((((.((.....)).)))))(((.((((((((((..((....))..)))))))))).)))....(((...(((((....))))).)))((..((((......))))..))...,-41.3,stem_loop,.....([[[[[...........]]]]].....................)))))...................................................................,pseudoknot,.....([[[[[...........]]]]].....................)))))...................................................................,pseudoknot,NA,GGG,AAA,NA,NA,NA,none,NA
NC_007368.1,797,GGGAAAA,-1,6,810,929,AUACUAGCACAUUGUCAGGAAGUGCUCAGCAUGUCGAGGAGUGCUCCUGCUAUCCUCGAUAUCCUGGUGUCAGAUGUGUCUGCAGAGACAACUGGAAAGGCUCCAAUAGGCCCAUCGUAG,.(((.(((((.((.....)).)))))(((.((((((((((..((....))..)))))))))).)))....(((...(((((....))))).)))((..((((......))))..))))).,-41.7,stem_loop,....([[[[[...........]]]]].....................)))))....................................................................,pseudoknot,....([[[[[...........]]]]].....................)))))....................................................................,pseudoknot,NA,GGG,AAA,NA,NA,NA,none,NA
NC_007368.1,797,GGGAAAA,-1,7,811,930,UACUAGCACAUUGUCAGGAAGUGCUCAGCAUGUCGAGGAGUGCUCCUGCUAUCCUCGAUAUCCUGGUGUCAGAUGUGUCUGCAGAGACAACUGGAAAGGCUCCAAUAGGCCCAUCGUAGA,(((.(((((.((.....)).)))))(((.((((((((((..((....))..)))))))))).)))....(((...(((((....))))).)))((..((((......))))..)))))..,-41.7,stem_loop,...([[[[[...........]]]]].....................))))).....................................................................,pseudoknot,...([[[[[...........]]]]].....................))))).....................................................................,pseudoknot,NA,GGG,AAA,NA,NA,NA,none,NA
NC_007368.1,797,GGGAAAA,-1,8,812,931,ACUAGCACAUUGUCAGGAAGUGCUCAGCAUGUCGAGGAGUGCUCCUGCUAUCCUCGAUAUCCUGGUGUCAGAUGUGUCUGCAGAGACAACUGGAAAGGCUCCAAUAGGCCCAUCGUAGAU,...(((((.((.....)).)))))(((.((((((((((..((....))..)))))))))).)))....(((...(((((....))))).)))((..((((......))))..))......,-41.3,stem_loop,..([[[[[...........]]]]].....................)))))......................................................................,pseudoknot,..([[[[[...........]]]]].....................)))))......................................................................,pseudoknot,NA,GGG,AAA,NA,NA,NA,none,NA
NC_007368.1,797,GGGAAAA,-1,9,813,932,CUAGCACAUUGUCAGGAAGUGCUCAGCAUGUCGAGGAGUGCUCCUGCUAUCCUCGAUAUCCUGGUGUCAGAUGUGUCUGCAGAGACAACUGGAAAGGCUCCAAUAGGCCCAUCGUAGAUA,..(((((.((.....)).)))))(((.((((((((((..((....))..)))))))))).)))....(((...(((((....))))).)))((..((((......))))..)).......,-41.3,stem_loop,.([[[[[...........]]]]].....................))))).......................................................................,pseudoknot,.([[[[[...........]]]]].....................))))).......................................................................,pseudoknot,NA,GGG,AAA,NA,NA,NA,none,NA
